<?xml version="1.0" encoding="UTF-8" standalone="yes"?>
<addon id="plugin.video.ottalpha" version="5.0.1" name="OTTTV" provider-name="Over The Top TV">
    <requires>
        <import addon="xbmc.python" version="2.1.0"/>        
    </requires>
    <extension point="xbmc.python.pluginsource" library="default.py">
        <provides>video</provides>
    </extension>
    <extension point="xbmc.addon.metadata">
        <summary>OTTTV</summary>
        <description>Over The Top TV</description>
        <disclaimer>The author does not host or distribute any of the content displayed by this addon. The author does not have any affiliation with the content providers.</disclaimer>
        <language>en</language>
        <platform>all</platform>
    </extension>
</addon>